{
  "build.ts": 1775477400.8150403,
  "src/main.tsx": 1775863014.7267911,
  "src/Tool.ts": 1775830176.100308,
  "src/replLauncher.tsx": 1775863014.7586021,
  "src/query.ts": 1775743556.578858,
  "src/interactiveHelpers.tsx": 1775476689.3897696,
  "src/ink.ts": 1775484583.8451216,
  "src/types/ids.ts": 1775571249.864047,
  "src/types/utils.ts": 1775571249.8648407,
  "src/types/message.ts": 1775571249.8644495,
  "src/types/tools.ts": 1775571249.864629,
  "src/types/global.d.ts": 1775571249.8637433,
  "src/types/index.ts": 1775654486.2985485,
  "src/bootstrap/state.ts": 1775476589.173299,
  "src/constants/querySource.ts": 1775654486.2966244,
  "src/utils/handlePromptSubmit.ts": 1776087796.1584408,
  "src/utils/messages.ts": 1776089874.1199775,
  "src/utils/generators.ts": 1775830176.1018116,
  "src/utils/systemPromptType.ts": 1775654486.2987761,
  "src/screens/REPL.tsx": 1776089796.8953962,
  "src/components/App.tsx": 1775476759.908791,
  "src/components/Spinner/types.ts": 1776089779.8598015,
  "src/hooks/useCanUseTool.ts": 1775739110.2893112,
  "src/entrypoints/cli.tsx": 1775571249.8633678,
  "src/query/transitions.ts": 1775573600.5112295,
  "src/query/deps.ts": 1775869349.3010855,
  "src/services/tools/toolOrchestration.ts": 1775830176.1013627,
  "src/services/tools/toolExecution.ts": 1775830176.100879,
  "src/services/api/client.ts": 1775877554.7240498,
  "src/services/api/claude.ts": 1775877418.1090481,
  "AGENTS.md": 1775987320.6525264
}