{
  "build.ts": 1775477400.8150403,
  "src/main.tsx": 1776777571.6523075,
  "src/Tool.ts": 1776262846.2549784,
  "src/replLauncher.tsx": 1775863014.7586021,
  "src/tools.ts": 1776781660.4677484,
  "src/query.ts": 1776349641.29819,
  "src/interactiveHelpers.tsx": 1775476689.3897696,
  "src/ink.ts": 1775484583.8451216,
  "src/tools/FileWriteTool/FileWriteTool.ts": 1776602218.490581,
  "src/tools/FileWriteTool/prompt.ts": 1776602044.7851467,
  "src/tools/FileEditTool/prompt.ts": 1776597181.427923,
  "src/tools/FileEditTool/utils.ts": 1776601590.8466852,
  "src/tools/FileEditTool/types.ts": 1776600937.8738601,
  "src/tools/FileEditTool/FileEditTool.ts": 1776604312.0195615,
  "src/tools/FileEditTool/constants.ts": 1776581850.0670285,
  "src/tools/GlobTool/GlobTool.ts": 1776344528.4239457,
  "src/tools/GlobTool/prompt.ts": 1776344528.424777,
  "src/tools/FileReadTool/prompt.ts": 1776432535.515845,
  "src/tools/FileReadTool/FileReadTool.ts": 1776518255.6875854,
  "src/tools/FileReadTool/limits.ts": 1776519004.6097975,
  "src/tools/BashTool/commandSemantics.ts": 1776577453.7241654,
  "src/tools/BashTool/prompt.ts": 1776555923.2387774,
  "src/tools/BashTool/utils.ts": 1776525864.1913188,
  "src/tools/BashTool/toolName.ts": 1776525783.1770492,
  "src/tools/BashTool/BashTool.ts": 1776577328.4008155,
  "src/types/ids.ts": 1775571249.864047,
  "src/types/permissions.ts": 1776257046.682356,
  "src/types/utils.ts": 1775571249.8648407,
  "src/types/message.ts": 1776174304.9740427,
  "src/types/tools.ts": 1775571249.864629,
  "src/types/global.d.ts": 1775571249.8637433,
  "src/types/index.ts": 1775654486.2985485,
  "src/bootstrap/state.ts": 1776777571.6519938,
  "src/constants/querySource.ts": 1775654486.2966244,
  "src/constants/messages.ts": 1776693137.2183375,
  "src/constants/tools.ts": 1776262856.4148405,
  "src/constants/apiLimits.ts": 1776432535.5146596,
  "src/constants/files.ts": 1776432535.514833,
  "src/utils/slowOperations.ts": 1776782043.4070249,
  "src/utils/semanticNumber.ts": 1776519563.2066014,
  "src/utils/path.ts": 1776344528.4274251,
  "src/utils/json.ts": 1776353200.9893632,
  "src/utils/fileRead.ts": 1776604042.7197874,
  "src/utils/cwd.ts": 1776344528.425524,
  "src/utils/sentry.ts": 1776781972.290826,
  "src/utils/errorLogSink.ts": 1776781592.7137113,
  "src/utils/handlePromptSubmit.ts": 1776177108.3111875,
  "src/utils/semanticBoolean.ts": 1776604143.5552943,
  "src/utils/errors.ts": 1776526337.6070209,
  "src/utils/process.ts": 1776782136.5245886,
  "src/utils/diff.ts": 1776603795.7006743,
  "src/utils/messages.ts": 1776700095.2518582,
  "src/utils/debugFilter.ts": 1776781243.806176,
  "src/utils/lazySchema.ts": 1776344528.427073,
  "src/utils/cachePaths.ts": 1776777571.6538012,
  "src/utils/sinks.ts": 1776782007.4872718,
  "src/utils/debug.ts": 1776781106.2120283,
  "src/utils/bufferedWriter.ts": 1776780785.8342397,
  "src/utils/file.ts": 1776603870.8556128,
  "src/utils/api.ts": 1776353226.299201,
  "src/utils/glob.ts": 1776345601.2777746,
  "src/utils/generators.ts": 1775830176.1018116,
  "src/utils/ShellCommand.ts": 1776577206.731686,
  "src/utils/format.ts": 1776519229.0053806,
  "src/utils/Shell.ts": 1776580683.1727135,
  "src/utils/embeddedTools.ts": 1776781629.357622,
  "src/utils/fsOperations.ts": 1776784802.9770033,
  "src/utils/log.ts": 1776781764.3844113,
  "src/utils/cleanupRegistry.ts": 1776780930.7334075,
  "src/utils/readFileInRange.ts": 1776519510.794998,
  "src/utils/envUtils.ts": 1776781636.0119374,
  "src/utils/systemPromptType.ts": 1775654486.2987761,
  "src/utils/permissions/shellRuleMatching.ts": 1776344528.428179,
  "src/utils/permissions/permissions.ts": 1776262856.419863,
  "src/utils/permissions/permissionRuleParser.ts": 1776262856.41907,
  "src/utils/permissions/filesystem.ts": 1776604156.4568603,
  "src/screens/REPL.tsx": 1776350176.9669876,
  "src/components/App.tsx": 1775476759.908791,
  "src/components/Spinner/types.ts": 1776089779.8598015,
  "src/hooks/useCanUseTool.ts": 1776348264.0173705,
  "src/entrypoints/cli.tsx": 1775571249.8633678,
  "src/entrypoints/sdk/sdkUtilityTypes.ts": 1776779741.34208,
  "src/query/transitions.ts": 1775573600.5112295,
  "src/query/deps.ts": 1776174304.9693644,
  "src/services/tools/toolOrchestration.ts": 1776174304.9734578,
  "src/services/tools/toolExecution.ts": 1776348352.3619294,
  "src/services/mcp/mcpStringUtils.ts": 1776262856.4161143,
  "src/services/api/errors.ts": 1776780334.0271344,
  "src/services/api/client.ts": 1776174304.972025,
  "src/services/api/claude.ts": 1776780145.326824,
  "src/services/api/emptyUsage.ts": 1776779757.503325,
  "src/services/api/logging.ts": 1776780484.1107755,
  "AGENTS.md": 1775987320.6525264
}