{
  "build.ts": 1775477400.8150403,
  "src/main.tsx": 1775863014.7267911,
  "src/Tool.ts": 1776262846.2549784,
  "src/replLauncher.tsx": 1775863014.7586021,
  "src/tools.ts": 1776267820.3858092,
  "src/query.ts": 1776349641.29819,
  "src/interactiveHelpers.tsx": 1775476689.3897696,
  "src/ink.ts": 1775484583.8451216,
  "src/tools/GlobTool/GlobTool.ts": 1776344528.4239457,
  "src/tools/GlobTool/prompt.ts": 1776344528.424777,
  "src/tools/FileReadTool/prompt.ts": 1776432535.515845,
  "src/tools/FileReadTool/FileReadTool.ts": 1776518255.6875854,
  "src/tools/FileReadTool/limits.ts": 1776519004.6097975,
  "src/types/ids.ts": 1775571249.864047,
  "src/types/permissions.ts": 1776257046.682356,
  "src/types/utils.ts": 1775571249.8648407,
  "src/types/message.ts": 1776174304.9740427,
  "src/types/tools.ts": 1775571249.864629,
  "src/types/global.d.ts": 1775571249.8637433,
  "src/types/index.ts": 1775654486.2985485,
  "src/bootstrap/state.ts": 1775476589.173299,
  "src/constants/querySource.ts": 1775654486.2966244,
  "src/constants/tools.ts": 1776262856.4148405,
  "src/constants/apiLimits.ts": 1776432535.5146596,
  "src/constants/files.ts": 1776432535.514833,
  "src/utils/semanticNumber.ts": 1776519563.2066014,
  "src/utils/path.ts": 1776344528.4274251,
  "src/utils/json.ts": 1776353200.9893632,
  "src/utils/cwd.ts": 1776344528.425524,
  "src/utils/handlePromptSubmit.ts": 1776177108.3111875,
  "src/utils/errors.ts": 1776432535.5162008,
  "src/utils/messages.ts": 1776353460.699686,
  "src/utils/lazySchema.ts": 1776344528.427073,
  "src/utils/file.ts": 1776479497.6603167,
  "src/utils/api.ts": 1776353226.299201,
  "src/utils/glob.ts": 1776345601.2777746,
  "src/utils/generators.ts": 1775830176.1018116,
  "src/utils/format.ts": 1776519229.0053806,
  "src/utils/fsOperations.ts": 1776519264.9206152,
  "src/utils/readFileInRange.ts": 1776519510.794998,
  "src/utils/envUtils.ts": 1776262856.4181116,
  "src/utils/systemPromptType.ts": 1775654486.2987761,
  "src/utils/permissions/shellRuleMatching.ts": 1776344528.428179,
  "src/utils/permissions/permissions.ts": 1776262856.419863,
  "src/utils/permissions/permissionRuleParser.ts": 1776262856.41907,
  "src/utils/permissions/filesystem.ts": 1776519410.782644,
  "src/screens/REPL.tsx": 1776350176.9669876,
  "src/components/App.tsx": 1775476759.908791,
  "src/components/Spinner/types.ts": 1776089779.8598015,
  "src/hooks/useCanUseTool.ts": 1776348264.0173705,
  "src/entrypoints/cli.tsx": 1775571249.8633678,
  "src/query/transitions.ts": 1775573600.5112295,
  "src/query/deps.ts": 1776174304.9693644,
  "src/services/tools/toolOrchestration.ts": 1776174304.9734578,
  "src/services/tools/toolExecution.ts": 1776348352.3619294,
  "src/services/mcp/mcpStringUtils.ts": 1776262856.4161143,
  "src/services/api/client.ts": 1776174304.972025,
  "src/services/api/claude.ts": 1776353745.6430056,
  "AGENTS.md": 1775987320.6525264
}